餐饮美食,交通出行,日用家居,金融保险,休闲娱乐,服饰美容,通讯物流,软件服务,医疗保健,内部转账,电器数码
外卖,滴滴,超市,余额宝,电影,美发,话费,阅读,医院,网商银行,插座
美团,车费,易站,蚂蚁财富,门票,优衣库,顺丰,steam,药,信用卡还款,小米
大众点评,接机,美宜佳,桔子理财,展览,内衣,快递,会员,,,米家
餐厅,12306,711Payment,保险,青旅,袜子,寄件,Compute Cloud,,,智能
餐饮,高铁,7-Eleven,,旅游,外套,速递,App Store,,,数码
早餐,火车票,纸巾,,国旅,裤子,,教程,,,鼠标
饭馆,车费,卫生纸,,观光,卫衣,,全年88VIP,,,键盘
饭店,单程票,华润万家,,,毛衣,,Steam,,,
餐线,航空,宜家,,,内裤,,,,,
小吃,机票,大润发,,,短裤,,,,,
美食,爱彼迎,便利店,,,帽子,,,,,
食代,打车,百货,,,,,,,,
烧烤,,毛巾,,,,,,,,
碳烤,,垃圾袋,,,,,,,,
麻辣,,可乐,,,,,,,,
火锅,,天猫小店,,,,,,,,
香锅,,储物箱,,,,,,,,
小厨,,日用,,,,,,,,
餐台,,家居,,,,,,,,
桌号,,居家,,,,,,,,
牛肉,,,,,,,,,,
羊肉,,,,,,,,,,
鸡肉,,,,,,,,,,
鸡排,,,,,,,,,,
鸭脖,,,,,,,,,,
排骨,,,,,,,,,,
鱼,,,,,,,,,,
虾,,,,,,,,,,
蟹,,,,,,,,,,
蚝,,,,,,,,,,
包子,,,,,,,,,,
饺子,,,,,,,,,,
汤包,,,,,,,,,,
馄饨,,,,,,,,,,
水果,,,,,,,,,,
摊摊面,,,,,,,,,,
面馆,,,,,,,,,,
面庄,,,,,,,,,,
面道,,,,,,,,,,
汤粉,,,,,,,,,,
肠粉,,,,,,,,,,
米线,,,,,,,,,,
粉坊,,,,,,,,,,
华为B,,,,,,,,,,
华为E,,,,,,,,,,
华为F,,,,,,,,,,
都乐门,,,,,,,,,,
家乐缘,,,,,,,,,,
东旭,,,,,,,,,,
晴美,,,,,,,,,,
面点王,,,,,,,,,,
汉堡王,,,,,,,,,,
乡村基,,,,,,,,,,
莜面村,,,,,,,,,,
盒马,,,,,,,,,,
星巴克,,,,,,,,,,
爱上饭,,,,,,,,,,
煌上煌,,,,,,,,,,
百果园,,,,,,,,,,
古稻林,,,,,,,,,,
九毛九,,,,,,,,,,
品正品,,,,,,,,,,
上海老栈,,,,,,,,,,
长沙菜,,,,,,,,,,
小莹家,,,,,,,,,,
奈雪,,,,,,,,,,
烩面,,,,,,,,,,
朱方震,,,,,,,,,,
建成,,,,,,,,,,
华为一卡通,,,,,,,,,,
农夫山泉,,,,,,,,,,
百味,,,,,,,,,,
*昌军,,,,,,,,,,
良品铺子,,,,,,,,,,
猪脚饭,,,,,,,,,,
猪肚,,,,,,,,,,
